lemma,level,pos
# A1 — absolute beginners
sein,A1,VERB
haben,A1,VERB
werden,A1,VERB
können,A1,VERB
müssen,A1,VERB
wollen,A1,VERB
sollen,A1,VERB
dürfen,A1,VERB
mögen,A1,VERB
machen,A1,VERB
gehen,A1,VERB
kommen,A1,VERB
geben,A1,VERB
nehmen,A1,VERB
sehen,A1,VERB
fahren,A1,VERB
wohnen,A1,VERB
heißen,A1,VERB
arbeiten,A1,VERB
spielen,A1,VERB
essen,A1,VERB
trinken,A1,VERB
sprechen,A1,VERB
schreiben,A1,VERB
lesen,A1,VERB
hören,A1,VERB
sagen,A1,VERB
fragen,A1,VERB
antworten,A1,VERB
kaufen,A1,VERB
lernen,A1,VERB
verstehen,A1,VERB
wissen,A1,VERB
kennen,A1,VERB
finden,A1,VERB
brauchen,A1,VERB
öffnen,A1,VERB
schließen,A1,VERB
suchen,A1,VERB
warten,A1,VERB
helfen,A1,VERB
leben,A1,VERB
lieben,A1,VERB
heißen,A1,VERB
kommen,A1,VERB
mann,A1,NOUN
frau,A1,NOUN
kind,A1,NOUN
familie,A1,NOUN
haus,A1,NOUN
auto,A1,NOUN
stadt,A1,NOUN
land,A1,NOUN
schule,A1,NOUN
arbeit,A1,NOUN
buch,A1,NOUN
geld,A1,NOUN
tag,A1,NOUN
jahr,A1,NOUN
zeit,A1,NOUN
welt,A1,NOUN
mensch,A1,NOUN
hand,A1,NOUN
kopf,A1,NOUN
auge,A1,NOUN
wasser,A1,NOUN
essen,A1,NOUN
name,A1,NOUN
sprache,A1,NOUN
wort,A1,NOUN
nummer,A1,NOUN
straße,A1,NOUN
telefon,A1,NOUN
adresse,A1,NOUN
freund,A1,NOUN
freundin,A1,NOUN
mutter,A1,NOUN
vater,A1,NOUN
bruder,A1,NOUN
schwester,A1,NOUN
großmutter,A1,NOUN
großvater,A1,NOUN
gut,A1,ADJ
schlecht,A1,ADJ
groß,A1,ADJ
klein,A1,ADJ
neu,A1,ADJ
alt,A1,ADJ
jung,A1,ADJ
schön,A1,ADJ
billig,A1,ADJ
warm,A1,ADJ
kalt,A1,ADJ
lang,A1,ADJ
kurz,A1,ADJ
viel,A1,ADJ
wenig,A1,ADJ
hoch,A1,ADJ
schnell,A1,ADJ
langsam,A1,ADJ
richtig,A1,ADJ
falsch,A1,ADJ
heute,A1,ADV
morgen,A1,ADV
gestern,A1,ADV
hier,A1,ADV
dort,A1,ADV
auch,A1,ADV
noch,A1,ADV
schon,A1,ADV
sehr,A1,ADV
immer,A1,ADV
nie,A1,ADV
jetzt,A1,ADV
dann,A1,ADV
# A2 — elementary
besuchen,A2,VERB
bleiben,A2,VERB
bringen,A2,VERB
denken,A2,VERB
einladen,A2,VERB
empfehlen,A2,VERB
erklären,A2,VERB
erzählen,A2,VERB
fotografieren,A2,VERB
gefallen,A2,VERB
kochen,A2,VERB
möchten,A2,VERB
packen,A2,VERB
reisen,A2,VERB
reservieren,A2,VERB
rufen,A2,VERB
schauen,A2,VERB
schicken,A2,VERB
schwimmen,A2,VERB
singen,A2,VERB
tanzen,A2,VERB
treffen,A2,VERB
vergessen,A2,VERB
verkaufen,A2,VERB
verlieren,A2,VERB
wohnen,A2,VERB
zeigen,A2,VERB
hotel,A2,NOUN
restaurant,A2,NOUN
reise,A2,NOUN
flug,A2,NOUN
bahnhof,A2,NOUN
flughafen,A2,NOUN
zimmer,A2,NOUN
bett,A2,NOUN
küche,A2,NOUN
bad,A2,NOUN
garten,A2,NOUN
wohnung,A2,NOUN
büro,A2,NOUN
krankenhaus,A2,NOUN
arzt,A2,NOUN
ärztin,A2,NOUN
apotheke,A2,NOUN
bank,A2,NOUN
supermarkt,A2,NOUN
laden,A2,NOUN
preis,A2,NOUN
rechnung,A2,NOUN
ticket,A2,NOUN
karte,A2,NOUN
nachrichten,A2,NOUN
zeitung,A2,NOUN
programm,A2,NOUN
musik,A2,NOUN
sport,A2,NOUN
mannschaft,A2,NOUN
spiel,A2,NOUN
urlaub,A2,NOUN
wetter,A2,NOUN
temperatur,A2,NOUN
regen,A2,NOUN
sonne,A2,NOUN
interessant,A2,ADJ
langweilig,A2,ADJ
schwierig,A2,ADJ
einfach,A2,ADJ
wichtig,A2,ADJ
möglich,A2,ADJ
schön,A2,ADJ
lecker,A2,ADJ
krank,A2,ADJ
gesund,A2,ADJ
müde,A2,ADJ
glücklich,A2,ADJ
traurig,A2,ADJ
bekannt,A2,ADJ
oft,A2,ADV
manchmal,A2,ADV
selten,A2,ADV
meistens,A2,ADV
zuerst,A2,ADV
danach,A2,ADV
bald,A2,ADV
zusammen,A2,ADV
allein,A2,ADV
gern,A2,ADV
# B1 — intermediate
ablehnen,B1,VERB
annehmen,B1,VERB
aufhören,B1,VERB
ausgeben,B1,VERB
aussteigen,B1,VERB
beachten,B1,VERB
bedeuten,B1,VERB
benutzen,B1,VERB
beschreiben,B1,VERB
bestehen,B1,VERB
bewerben,B1,VERB
bieten,B1,VERB
einsteigen,B1,VERB
entscheiden,B1,VERB
entwickeln,B1,VERB
erlauben,B1,VERB
erreichen,B1,VERB
erwarten,B1,VERB
funktionieren,B1,VERB
gewinnen,B1,VERB
handeln,B1,VERB
interessieren,B1,VERB
kämpfen,B1,VERB
lösen,B1,VERB
organisieren,B1,VERB
planen,B1,VERB
prüfen,B1,VERB
reagieren,B1,VERB
sammeln,B1,VERB
stattfinden,B1,VERB
teilnehmen,B1,VERB
testen,B1,VERB
überlegen,B1,VERB
unterstützen,B1,VERB
verdienen,B1,VERB
vergleichen,B1,VERB
versuchen,B1,VERB
vorstellen,B1,VERB
wählen,B1,VERB
zusammenarbeiten,B1,VERB
aussage,B1,NOUN
bedingung,B1,NOUN
bedeutung,B1,NOUN
bereich,B1,NOUN
bericht,B1,NOUN
bevölkerung,B1,NOUN
bürger,B1,NOUN
demokratie,B1,NOUN
diskussion,B1,NOUN
einfluss,B1,NOUN
entscheidung,B1,NOUN
entwicklung,B1,NOUN
erfahrung,B1,NOUN
ergebnis,B1,NOUN
erlaubnis,B1,NOUN
forderung,B1,NOUN
gesellschaft,B1,NOUN
gesetz,B1,NOUN
gewalt,B1,NOUN
grenze,B1,NOUN
hauptstadt,B1,NOUN
information,B1,NOUN
kosten,B1,NOUN
kredit,B1,NOUN
kultur,B1,NOUN
lage,B1,NOUN
lösung,B1,NOUN
maßnahme,B1,NOUN
meinung,B1,NOUN
möglichkeit,B1,NOUN
nachricht,B1,NOUN
niveau,B1,NOUN
partei,B1,NOUN
person,B1,NOUN
politik,B1,NOUN
politiker,B1,NOUN
problem,B1,NOUN
prozess,B1,NOUN
region,B1,NOUN
regierung,B1,NOUN
recht,B1,NOUN
situation,B1,NOUN
stelle,B1,NOUN
system,B1,NOUN
thema,B1,NOUN
umwelt,B1,NOUN
unterschied,B1,NOUN
veranstaltung,B1,NOUN
verhältnis,B1,NOUN
wirtschaft,B1,NOUN
zukunft,B1,NOUN
bedeutend,B1,ADJ
beliebt,B1,ADJ
bereit,B1,ADJ
besonders,B1,ADJ
erfolgreich,B1,ADJ
freiwillig,B1,ADJ
gemeinsam,B1,ADJ
genau,B1,ADJ
gleichzeitig,B1,ADJ
international,B1,ADJ
lokal,B1,ADJ
national,B1,ADJ
notwendig,B1,ADJ
öffentlich,B1,ADJ
persönlich,B1,ADJ
politisch,B1,ADJ
sozial,B1,ADJ
typisch,B1,ADJ
wirtschaftlich,B1,ADJ
zusätzlich,B1,ADJ
bereits,B1,ADV
besonders,B1,ADV
dagegen,B1,ADV
dadurch,B1,ADV
dafür,B1,ADV
dagegen,B1,ADV
dazu,B1,ADV
deshalb,B1,ADV
deswegen,B1,ADV
ebenfalls,B1,ADV
eigentlich,B1,ADV
insgesamt,B1,ADV
mindestens,B1,ADV
offensichtlich,B1,ADV
ungefähr,B1,ADV
wahrscheinlich,B1,ADV
zunächst,B1,ADV
# B2 — upper intermediate
abbauen,B2,VERB
anerkennen,B2,VERB
aufrechterhalten,B2,VERB
ausüben,B2,VERB
begründen,B2,VERB
behaupten,B2,VERB
beinhalten,B2,VERB
berücksichtigen,B2,VERB
betonen,B2,VERB
bewältigen,B2,VERB
darstellen,B2,VERB
durchführen,B2,VERB
einschränken,B2,VERB
festlegen,B2,VERB
fördern,B2,VERB
fordern,B2,VERB
gefährden,B2,VERB
herausfordern,B2,VERB
herstellen,B2,VERB
kontrollieren,B2,VERB
koordinieren,B2,VERB
kritisieren,B2,VERB
nachweisen,B2,VERB
rechtfertigen,B2,VERB
scheitern,B2,VERB
sicherstellen,B2,VERB
überwachen,B2,VERB
umsetzen,B2,VERB
verbessern,B2,VERB
verhandeln,B2,VERB
veröffentlichen,B2,VERB
verwirklichen,B2,VERB
vorgehen,B2,VERB
wachsen,B2,VERB
zunehmen,B2,VERB
analyse,B2,NOUN
anforderung,B2,NOUN
ansatz,B2,NOUN
aspekt,B2,NOUN
aufgabe,B2,NOUN
auswirkung,B2,NOUN
bedürfnis,B2,NOUN
behörde,B2,NOUN
beschäftigung,B2,NOUN
einschränkung,B2,NOUN
fähigkeit,B2,NOUN
finanzierung,B2,NOUN
förderung,B2,NOUN
forderung,B2,NOUN
forschung,B2,NOUN
gemeinschaft,B2,NOUN
grundlage,B2,NOUN
herausforderung,B2,NOUN
infrastruktur,B2,NOUN
institution,B2,NOUN
kapazität,B2,NOUN
konflik,B2,NOUN
konzept,B2,NOUN
krisenmanagement,B2,NOUN
kritik,B2,NOUN
leistung,B2,NOUN
mechanismus,B2,NOUN
methode,B2,NOUN
perspektive,B2,NOUN
potenzial,B2,NOUN
priorität,B2,NOUN
prozent,B2,NOUN
rahmen,B2,NOUN
reform,B2,NOUN
ressource,B2,NOUN
risiko,B2,NOUN
sicherheit,B2,NOUN
strategie,B2,NOUN
tendenz,B2,NOUN
umsetzung,B2,NOUN
unternehmen,B2,NOUN
verantwortung,B2,NOUN
vereinbarung,B2,NOUN
verfahren,B2,NOUN
verwaltung,B2,NOUN
voraussetzung,B2,NOUN
wettbewerb,B2,NOUN
wirkung,B2,NOUN
ziel,B2,NOUN
zugang,B2,NOUN
zusammenhang,B2,NOUN
aktuell,B2,ADJ
allgemein,B2,ADJ
angemessen,B2,ADJ
ausreichend,B2,ADJ
effektiv,B2,ADJ
effizient,B2,ADJ
erheblich,B2,ADJ
grundlegend,B2,ADJ
komplex,B2,ADJ
kritisch,B2,ADJ
nachhaltig,B2,ADJ
relevant,B2,ADJ
strukturell,B2,ADJ
umfassend,B2,ADJ
verantwortlich,B2,ADJ
wesentlich,B2,ADJ
allerdings,B2,ADV
anscheinend,B2,ADV
demnach,B2,ADV
entsprechend,B2,ADV
folglich,B2,ADV
immerhin,B2,ADV
inzwischen,B2,ADV
jeweilig,B2,ADV
mittlerweile,B2,ADV
somit,B2,ADV
dennoch,B2,ADV
hingegen,B2,ADV
wiederum,B2,ADV
# C1 — advanced
anpassen,C1,VERB
aufzeigen,C1,VERB
auseinandersetzen,C1,VERB
ausschöpfen,C1,VERB
beeinflussen,C1,VERB
einbeziehen,C1,VERB
einordnen,C1,VERB
entgegenwirken,C1,VERB
gegenüberstellen,C1,VERB
implementieren,C1,VERB
integrieren,C1,VERB
konstatieren,C1,VERB
manipulieren,C1,VERB
minimieren,C1,VERB
optimieren,C1,VERB
priorisieren,C1,VERB
reflektieren,C1,VERB
regulieren,C1,VERB
strukturieren,C1,VERB
transformieren,C1,VERB
überarbeiten,C1,VERB
verdeutlichen,C1,VERB
voraussetzen,C1,VERB
auseinandersetzung,C1,NOUN
bewusstsein,C1,NOUN
diskrepanz,C1,NOUN
einschätzung,C1,NOUN
erkenntnis,C1,NOUN
fragestellung,C1,NOUN
handlungsspielraum,C1,NOUN
implementierung,C1,NOUN
kontext,C1,NOUN
konsequenz,C1,NOUN
korrelation,C1,NOUN
legitimation,C1,NOUN
nachhaltigkeit,C1,NOUN
paradigma,C1,NOUN
problemstellung,C1,NOUN
regulierung,C1,NOUN
solidarität,C1,NOUN
souveränität,C1,NOUN
transparenz,C1,NOUN
verdrängung,C1,NOUN
zielsetzung,C1,NOUN
ambivalent,C1,ADJ
differenziert,C1,ADJ
exemplarisch,C1,ADJ
fundiert,C1,ADJ
global,C1,ADJ
homogen,C1,ADJ
inhärent,C1,ADJ
konsistent,C1,ADJ
kontrovers,C1,ADJ
normativ,C1,ADJ
substantiell,C1,ADJ
systemisch,C1,ADJ
tendenziell,C1,ADJ
zunehmend,C1,ADV
gleichwohl,C1,ADV
insofern,C1,ADV
nichtsdestotrotz,C1,ADV
überdies,C1,ADV
# C2 — proficiency
axiomatisch,C2,ADJ
dekonstruieren,C2,VERB
epistemisch,C2,ADJ
heuristisch,C2,ADJ
idiosynkratisch,C2,ADJ
konstitutiv,C2,ADJ
paradigmatisch,C2,ADJ
postulieren,C2,VERB
prärogativ,C2,NOUN
proliferation,C2,NOUN
synkretismus,C2,NOUN
teleologisch,C2,ADJ
ubiquitär,C2,ADJ
